<?xml version="1.0" encoding="UTF-8"?>
<GenRun Id="impl_1" LaunchPart="xc7a100tcsg324-1" LaunchTime="1767331361">
  <File Type="PA-TCL" Name="FPGADigit.tcl"/>
  <File Type="REPORTS-TCL" Name="FPGADigit_reports.tcl"/>
  <File Type="INIT-TIMING" Name="FPGADigit_timing_summary_init.rpt"/>
  <File Type="OPT-DCP" Name="FPGADigit_opt.dcp"/>
  <File Type="OPT-DRC" Name="FPGADigit_drc_opted.rpt"/>
  <File Type="OPT-UTIL" Name="FPGADigit_utilization_opted.rpt"/>
  <File Type="OPT-UTIL-PB" Name="FPGADigit_utilization_opted.pb"/>
  <File Type="OPT-METHODOLOGY-DRC" Name="FPGADigit_methodology_drc_opted.rpt"/>
  <File Type="OPT-HWDEF" Name="FPGADigit.hwdef"/>
  <File Type="OPT-TIMING" Name="FPGADigit_timing_summary_opted.rpt"/>
  <File Type="OPT-RQA-PB" Name="FPGADigit_rqa_opted.pb"/>
  <File Type="PWROPT-DCP" Name="FPGADigit_pwropt.dcp"/>
  <File Type="PWROPT-DRC" Name="FPGADigit_drc_pwropted.rpt"/>
  <File Type="PWROPT-TIMING" Name="FPGADigit_timing_summary_pwropted.rpt"/>
  <File Type="PLACE-DCP" Name="FPGADigit_placed.dcp"/>
  <File Type="PLACE-IO" Name="FPGADigit_io_placed.rpt"/>
  <File Type="PLACE-CLK" Name="FPGADigit_clock_utilization_placed.rpt"/>
  <File Type="PLACE-UTIL" Name="FPGADigit_utilization_placed.rpt"/>
  <File Type="PLACE-UTIL-PB" Name="FPGADigit_utilization_placed.pb"/>
  <File Type="PLACE-CTRL" Name="FPGADigit_control_sets_placed.rpt"/>
  <File Type="PLACE-SIMILARITY" Name="FPGADigit_incremental_reuse_placed.rpt"/>
  <File Type="PLACE-PRE-SIMILARITY" Name="FPGADigit_incremental_reuse_pre_placed.rpt"/>
  <File Type="PLACE-TIMING" Name="FPGADigit_timing_summary_placed.rpt"/>
  <File Type="PLACE-RQA-PB" Name="FPGADigit_rqa_placed.pb"/>
  <File Type="POSTPLACE-PWROPT-DCP" Name="FPGADigit_postplace_pwropt.dcp"/>
  <File Type="POSTPLACE-PWROPT-TIMING" Name="FPGADigit_timing_summary_postplace_pwropted.rpt"/>
  <File Type="PHYSOPT-DCP" Name="FPGADigit_physopt.dcp"/>
  <File Type="PHYSOPT-DRC" Name="FPGADigit_drc_physopted.rpt"/>
  <File Type="PHYSOPT-TIMING" Name="FPGADigit_timing_summary_physopted.rpt"/>
  <File Type="ROUTE-ERROR-DCP" Name="FPGADigit_routed_error.dcp"/>
  <File Type="ROUTE-DCP" Name="FPGADigit_routed.dcp"/>
  <File Type="ROUTE-BLACKBOX-DCP" Name="FPGADigit_routed_bb.dcp"/>
  <File Type="ROUTE-UTIL" Name="FPGADigit_utilization_routed.rpt"/>
  <File Type="ROUTE-UTIL-PB" Name="FPGADigit_utilization_routed.pb"/>
  <File Type="ROUTE-DRC" Name="FPGADigit_drc_routed.rpt"/>
  <File Type="ROUTE-DRC-PB" Name="FPGADigit_drc_routed.pb"/>
  <File Type="ROUTE-DRC-RPX" Name="FPGADigit_drc_routed.rpx"/>
  <File Type="ROUTE-METHODOLOGY-DRC" Name="FPGADigit_methodology_drc_routed.rpt"/>
  <File Type="ROUTE-METHODOLOGY-DRC-RPX" Name="FPGADigit_methodology_drc_routed.rpx"/>
  <File Type="ROUTE-METHODOLOGY-DRC-PB" Name="FPGADigit_methodology_drc_routed.pb"/>
  <File Type="ROUTE-PWR" Name="FPGADigit_power_routed.rpt"/>
  <File Type="ROUTE-PWR-SUM" Name="FPGADigit_power_summary_routed.pb"/>
  <File Type="ROUTE-PWR-RPX" Name="FPGADigit_power_routed.rpx"/>
  <File Type="ROUTE-STATUS" Name="FPGADigit_route_status.rpt"/>
  <File Type="ROUTE-STATUS-PB" Name="FPGADigit_route_status.pb"/>
  <File Type="ROUTE-TIMINGSUMMARY" Name="FPGADigit_timing_summary_routed.rpt"/>
  <File Type="ROUTE-TIMING-PB" Name="FPGADigit_timing_summary_routed.pb"/>
  <File Type="ROUTE-TIMING-RPX" Name="FPGADigit_timing_summary_routed.rpx"/>
  <File Type="ROUTE-SIMILARITY" Name="FPGADigit_incremental_reuse_routed.rpt"/>
  <File Type="ROUTE-CLK" Name="FPGADigit_clock_utilization_routed.rpt"/>
  <File Type="ROUTE-BUS-SKEW" Name="FPGADigit_bus_skew_routed.rpt"/>
  <File Type="ROUTE-BUS-SKEW-PB" Name="FPGADigit_bus_skew_routed.pb"/>
  <File Type="ROUTE-BUS-SKEW-RPX" Name="FPGADigit_bus_skew_routed.rpx"/>
  <File Type="ROUTE-RQS-PB" Name="FPGADigit_rqs_routed.pb"/>
  <File Type="POSTROUTE-PHYSOPT-DCP" Name="FPGADigit_postroute_physopt.dcp"/>
  <File Type="POSTROUTE-PHYSOPT-BLACKBOX-DCP" Name="FPGADigit_postroute_physopt_bb.dcp"/>
  <File Type="POSTROUTE-PHYSOPT-TIMING" Name="FPGADigit_timing_summary_postroute_physopted.rpt"/>
  <File Type="POSTROUTE-PHYSOPT-TIMING-PB" Name="FPGADigit_timing_summary_postroute_physopted.pb"/>
  <File Type="POSTROUTE-PHYSOPT-TIMING-RPX" Name="FPGADigit_timing_summary_postroute_physopted.rpx"/>
  <File Type="POSTROUTE-PHYSOPT-BUS-SKEW" Name="FPGADigit_bus_skew_postroute_physopted.rpt"/>
  <File Type="POSTROUTE-PHYSOPT-BUS-SKEW-PB" Name="FPGADigit_bus_skew_postroute_physopted.pb"/>
  <File Type="POSTROUTE-PHYSOPT-BUS-SKEW-RPX" Name="FPGADigit_bus_skew_postroute_physopted.rpx"/>
  <File Type="NOC_TRAFFIC_SPEC_FILE" Name="FPGADigit.nts"/>
  <File Type="NOC_SOLUTION_FILE" Name="FPGADigit.ncr"/>
  <File Type="BG-BIT" Name="FPGADigit.bit"/>
  <File Type="BG-BIN" Name="FPGADigit.bin"/>
  <File Type="BITSTR-MSK" Name="FPGADigit.msk"/>
  <File Type="BITSTR-RBT" Name="FPGADigit.rbt"/>
  <File Type="BITSTR-NKY" Name="FPGADigit.nky"/>
  <File Type="BITSTR-BMM" Name="FPGADigit_bd.bmm"/>
  <File Type="BITSTR-MMI" Name="FPGADigit.mmi"/>
  <File Type="PDI-FILE" Name="FPGADigit.pdi"/>
  <File Type="BOOT-PDI-FILE" Name="FPGADigit_boot.pdi"/>
  <File Type="PL-PDI-FILE" Name="FPGADigit_pld.pdi"/>
  <File Type="RCFI_FILE" Name="FPGADigit.rcfi"/>
  <File Type="CFI_FILE" Name="FPGADigit.cfi"/>
  <File Type="RNPI_FILE" Name="FPGADigit.rnpi"/>
  <File Type="RCDO-FILE" Name="FPGADigit.rcdo"/>
  <File Type="MARKER-RNPI-FILE" Name="FPGADigit_markers.rnpi"/>
  <File Type="MARKER-RCDO-FILE" Name="FPGADigit_markers.rcdo"/>
  <File Type="BOOT_RNPI_FILE" Name="FPGADigit_boot.rnpi"/>
  <File Type="BOOT_MARKER_RNPI_FILE" Name="FPGADigit_boot_markers.rnpi"/>
  <File Type="PL_RNPI_FILE" Name="FPGADigit_pld.rnpi"/>
  <File Type="PL_MARKER_RNPI_FILE" Name="FPGADigit_pld_markers.rnpi"/>
  <File Type="PL_MASK_RNPI_FILE" Name="FPGADigit_pld_mask.rnpi"/>
  <File Type="PL_SHUTDOWN_RNPI_FILE" Name="FPGADigit_pld_shutdown.rnpi"/>
  <File Type="PL_UNMASK_RNPI_FILE" Name="FPGADigit_pld_unmask.rnpi"/>
  <File Type="PL-RCDO-FILE" Name="FPGADigit_pld.rcdo"/>
  <File Type="PL-CLEAR-RCDO-FILE" Name="FPGADigit_pld_clear.rcdo"/>
  <File Type="PL_MARKER_RCDO_FILE" Name="FPGADigit_pld_markers.rcdo"/>
  <File Type="PL_MASK_RCDO_FILE" Name="FPGADigit_pld_mask.rcdo"/>
  <File Type="PL_UNMASK_MARKER_RCDO_FILE" Name="FPGADigit_pld_unmask_markers.rcdo"/>
  <File Type="PL_UNMASK_RCDO_FILE" Name="FPGADigit_pld_unmask.rcdo"/>
  <File Type="NPI_FILE" Name="FPGADigit.npi"/>
  <File Type="RBD_FILE" Name="FPGADigit.rbd"/>
  <File Type="MMI-FILE" Name="FPGADigit.mmi"/>
  <File Type="BIF-FILE" Name="FPGADigit.bif"/>
  <File Type="BOOT-BIF-FILE" Name="FPGADigit_boot.bif"/>
  <File Type="PL-BIF-FILE" Name="FPGADigit_pld.bif"/>
  <File Type="LTX-FILE" Name="FPGADigit.ltx"/>
  <File Type="BOOT-LTX-FILE" Name="FPGADigit_boot.ltx"/>
  <File Type="PL-LTX-FILE" Name="FPGADigit_pld.ltx"/>
  <File Type="BITSTR-LTX" Name="debug_nets.ltx"/>
  <File Type="BITSTR-LTX" Name="FPGADigit.ltx"/>
  <File Type="BITSTR-SYSDEF" Name="FPGADigit.sysdef"/>
  <File Type="BG-BGN" Name="FPGADigit.bgn"/>
  <File Type="BG-DRC" Name="FPGADigit.drc"/>
  <File Type="RDI-RDI" Name="FPGADigit.vdi"/>
  <File Type="WBT-USG" Name="usage_statistics_webtalk.html"/>
  <File Type="ROUTE-RQS" Name="FPGADigit_routed.rqs"/>
  <File Type="POSTROUTE-PHYSOPT-RQS" Name="FPGADigit_postroute_physopted.rqs"/>
  <File Type="ROUTE-RQS-RPT" Name="route_report_qor_suggestions_0.rpt"/>
  <File Type="POSTROUTE-PHYSOPT-RQS-RPT" Name="postroute_physopt_report_qor_suggestions_0.rpt"/>
  <FileSet Name="sources" Type="DesignSrcs" RelSrcDir="$PSRCDIR/sources_1" RelGenDir="$PGENDIR/sources_1">
    <Filter Type="Srcs"/>
    <File Path="$PSRCDIR/src/circuit/RV32IM_Defines.vh">
      <FileInfo>
        <Attr Name="AutoDisabled" Val="1"/>
        <Attr Name="UsedIn" Val="synthesis"/>
        <Attr Name="UsedIn" Val="simulation"/>
        <Attr Name="IsVisible" Val="1"/>
      </FileInfo>
    </File>
    <File Path="$PSRCDIR/sources_1/imports/asm/tst.hex">
      <FileInfo>
        <Attr Name="ImportPath" Val="$PSRCDIR/src/asm/tst.hex"/>
        <Attr Name="ImportTime" Val="1767204657"/>
      </FileInfo>
    </File>
    <File Path="$PSRCDIR/sources_1/imports/src/io/7segDisplay.v">
      <FileInfo>
        <Attr Name="UsedIn" Val="synthesis"/>
        <Attr Name="UsedIn" Val="implementation"/>
        <Attr Name="UsedIn" Val="simulation"/>
      </FileInfo>
    </File>
    <File Path="$PSRCDIR/sources_1/imports/src/circuit/RV32IM_Defines.vh">
      <FileInfo>
        <Attr Name="ImportPath" Val="$PSRCDIR/src/circuit/RV32IM_Defines.vh"/>
        <Attr Name="ImportTime" Val="1767233037"/>
        <Attr Name="UsedIn" Val="synthesis"/>
        <Attr Name="UsedIn" Val="simulation"/>
        <Attr Name="IsVisible" Val="1"/>
      </FileInfo>
    </File>
    <File Path="$PSRCDIR/sources_1/imports/src/circuit/ALU_RV32IM.v">
      <FileInfo>
        <Attr Name="UsedIn" Val="synthesis"/>
        <Attr Name="UsedIn" Val="implementation"/>
        <Attr Name="UsedIn" Val="simulation"/>
      </FileInfo>
    </File>
    <File Path="$PSRCDIR/sources_1/imports/src/arithmetic/Bit_Extender.v">
      <FileInfo>
        <Attr Name="UsedIn" Val="synthesis"/>
        <Attr Name="UsedIn" Val="implementation"/>
        <Attr Name="UsedIn" Val="simulation"/>
      </FileInfo>
    </File>
    <File Path="$PSRCDIR/sources_1/imports/src/circuit/HardWiredController_RV32IM.v">
      <FileInfo>
        <Attr Name="UsedIn" Val="synthesis"/>
        <Attr Name="UsedIn" Val="implementation"/>
        <Attr Name="UsedIn" Val="simulation"/>
      </FileInfo>
    </File>
    <File Path="$PSRCDIR/sources_1/imports/src/circuit/MonoCycleCPU.v">
      <FileInfo>
        <Attr Name="UsedIn" Val="synthesis"/>
        <Attr Name="UsedIn" Val="implementation"/>
        <Attr Name="UsedIn" Val="simulation"/>
      </FileInfo>
    </File>
    <File Path="$PSRCDIR/sources_1/imports/src/plexers/Multiplexer_4.v">
      <FileInfo>
        <Attr Name="UsedIn" Val="synthesis"/>
        <Attr Name="UsedIn" Val="implementation"/>
        <Attr Name="UsedIn" Val="simulation"/>
      </FileInfo>
    </File>
    <File Path="$PSRCDIR/sources_1/imports/src/io/keyboard/PS2Receiver.v">
      <FileInfo>
        <Attr Name="UsedIn" Val="synthesis"/>
        <Attr Name="UsedIn" Val="implementation"/>
        <Attr Name="UsedIn" Val="simulation"/>
      </FileInfo>
    </File>
    <File Path="$PSRCDIR/sources_1/imports/src/plexers/Priority_Encoder.v">
      <FileInfo>
        <Attr Name="UsedIn" Val="synthesis"/>
        <Attr Name="UsedIn" Val="implementation"/>
        <Attr Name="UsedIn" Val="simulation"/>
      </FileInfo>
    </File>
    <File Path="$PSRCDIR/sources_1/imports/src/memory/RAM_dataRAM.v">
      <FileInfo>
        <Attr Name="UsedIn" Val="synthesis"/>
        <Attr Name="UsedIn" Val="implementation"/>
        <Attr Name="UsedIn" Val="simulation"/>
      </FileInfo>
    </File>
    <File Path="$PSRCDIR/sources_1/imports/src/memory/REGISTER_FLIP_FLOP.v">
      <FileInfo>
        <Attr Name="UsedIn" Val="synthesis"/>
        <Attr Name="UsedIn" Val="implementation"/>
        <Attr Name="UsedIn" Val="simulation"/>
      </FileInfo>
    </File>
    <File Path="$PSRCDIR/sources_1/imports/src/memory/ROM_instrROM.v">
      <FileInfo>
        <Attr Name="UsedIn" Val="synthesis"/>
        <Attr Name="UsedIn" Val="implementation"/>
        <Attr Name="UsedIn" Val="simulation"/>
      </FileInfo>
    </File>
    <File Path="$PSRCDIR/sources_1/imports/src/circuit/Regifile.v">
      <FileInfo>
        <Attr Name="UsedIn" Val="synthesis"/>
        <Attr Name="UsedIn" Val="implementation"/>
        <Attr Name="UsedIn" Val="simulation"/>
      </FileInfo>
    </File>
    <File Path="$PSRCDIR/sources_1/imports/src/bus/SimpleBus.v">
      <FileInfo>
        <Attr Name="UsedIn" Val="synthesis"/>
        <Attr Name="UsedIn" Val="implementation"/>
        <Attr Name="UsedIn" Val="simulation"/>
      </FileInfo>
    </File>
    <File Path="$PSRCDIR/sources_1/imports/src/io/clkDivider.v">
      <FileInfo>
        <Attr Name="UsedIn" Val="synthesis"/>
        <Attr Name="UsedIn" Val="implementation"/>
        <Attr Name="UsedIn" Val="simulation"/>
      </FileInfo>
    </File>
    <File Path="$PSRCDIR/sources_1/imports/src/io/keyboard/debouncer.v">
      <FileInfo>
        <Attr Name="UsedIn" Val="synthesis"/>
        <Attr Name="UsedIn" Val="implementation"/>
        <Attr Name="UsedIn" Val="simulation"/>
      </FileInfo>
    </File>
    <File Path="$PSRCDIR/sources_1/imports/src/io/uart/uart_rx.v">
      <FileInfo>
        <Attr Name="UsedIn" Val="synthesis"/>
        <Attr Name="UsedIn" Val="implementation"/>
        <Attr Name="UsedIn" Val="simulation"/>
      </FileInfo>
    </File>
    <File Path="$PSRCDIR/sources_1/imports/src/io/uart/uart_top.v">
      <FileInfo>
        <Attr Name="UsedIn" Val="synthesis"/>
        <Attr Name="UsedIn" Val="implementation"/>
        <Attr Name="UsedIn" Val="simulation"/>
      </FileInfo>
    </File>
    <File Path="$PSRCDIR/sources_1/imports/src/io/uart/uart_tx.v">
      <FileInfo>
        <Attr Name="UsedIn" Val="synthesis"/>
        <Attr Name="UsedIn" Val="implementation"/>
        <Attr Name="UsedIn" Val="simulation"/>
      </FileInfo>
    </File>
    <File Path="$PSRCDIR/sources_1/imports/src/io/VGA/vga_controller.v">
      <FileInfo>
        <Attr Name="UsedIn" Val="synthesis"/>
        <Attr Name="UsedIn" Val="implementation"/>
        <Attr Name="UsedIn" Val="simulation"/>
      </FileInfo>
    </File>
    <File Path="$PSRCDIR/sources_1/imports/src/io/VGA/vga_test_pattern.v">
      <FileInfo>
        <Attr Name="UsedIn" Val="synthesis"/>
        <Attr Name="UsedIn" Val="implementation"/>
        <Attr Name="UsedIn" Val="simulation"/>
      </FileInfo>
    </File>
    <File Path="$PSRCDIR/sources_1/imports/src/io/VGA/vga_top.v">
      <FileInfo>
        <Attr Name="UsedIn" Val="synthesis"/>
        <Attr Name="UsedIn" Val="implementation"/>
        <Attr Name="UsedIn" Val="simulation"/>
      </FileInfo>
    </File>
    <File Path="$PSRCDIR/sources_1/imports/src/FPGADigit.v">
      <FileInfo>
        <Attr Name="UsedIn" Val="synthesis"/>
        <Attr Name="UsedIn" Val="implementation"/>
        <Attr Name="UsedIn" Val="simulation"/>
      </FileInfo>
    </File>
    <Config>
      <Option Name="DesignMode" Val="RTL"/>
      <Option Name="TopModule" Val="FPGADigit"/>
    </Config>
  </FileSet>
  <FileSet Name="constrs_in" Type="Constrs" RelSrcDir="$PSRCDIR/constrs_1" RelGenDir="$PGENDIR/constrs_1">
    <Filter Type="Constrs"/>
    <File Path="$PSRCDIR/constrs_1/imports/src/Nexys4DDR_Master.xdc">
      <FileInfo>
        <Attr Name="ImportPath" Val="$PSRCDIR/src/Nexys4DDR_Master.xdc"/>
        <Attr Name="ImportTime" Val="1767193225"/>
        <Attr Name="UsedIn" Val="synthesis"/>
        <Attr Name="UsedIn" Val="implementation"/>
      </FileInfo>
    </File>
    <Config>
      <Option Name="ConstrsType" Val="XDC"/>
    </Config>
  </FileSet>
  <FileSet Name="utils" Type="Utils" RelSrcDir="$PSRCDIR/utils_1" RelGenDir="$PGENDIR/utils_1">
    <Filter Type="Utils"/>
    <File Path="$PSRCDIR/utils_1/imports/synth_1/FPGADigit.dcp">
      <FileInfo>
        <Attr Name="UsedIn" Val="synthesis"/>
        <Attr Name="UsedIn" Val="implementation"/>
        <Attr Name="UsedInSteps" Val="synth_1"/>
        <Attr Name="AutoDcp" Val="1"/>
      </FileInfo>
    </File>
    <Config>
      <Option Name="TopAutoSet" Val="TRUE"/>
    </Config>
  </FileSet>
  <Strategy Version="1" Minor="2">
    <StratHandle Name="Vivado Implementation Defaults" Flow="Vivado Implementation 2025"/>
    <Step Id="init_design"/>
    <Step Id="opt_design"/>
    <Step Id="power_opt_design"/>
    <Step Id="place_design"/>
    <Step Id="post_place_power_opt_design"/>
    <Step Id="phys_opt_design"/>
    <Step Id="route_design"/>
    <Step Id="post_route_phys_opt_design"/>
    <Step Id="write_bitstream"/>
  </Strategy>
</GenRun>
